DATE,USER_ID,LAST_PICK_TIME,ISTOP_TIME,TIME_LOST_DUE_TO_EARLY_ISTOP
2024-12-10,DHRUPA,2024-12-10 13:48:48.125296,2024-12-10 13:55:02,0 days 00:06:13.874704
2024-12-10,WAJMUH,2024-12-10 13:45:11.855686,2024-12-10 13:55:02,0 days 00:09:50.144314
2024-12-10,WOODTO,2024-12-10 09:02:36.570578,2024-12-10 13:55:04,0 days 04:52:27.429422
2024-12-10,ANDEAL,2024-12-10 13:45:58.556639,2024-12-10 13:55:33,0 days 00:09:34.443361
2024-12-10,OLAHMA,2024-12-10 13:48:40.245322,2024-12-10 13:55:45,0 days 00:07:04.754678
2024-12-10,PIATDA,2024-12-10 13:44:19.090660,2024-12-10 13:55:45,0 days 00:11:25.909340
2024-12-10,SURAZU,2024-12-10 13:52:41.180093,2024-12-10 13:55:48,0 days 00:03:06.819907
2024-12-10,NAYLRO,2024-12-10 13:49:20.180779,2024-12-10 13:55:51,0 days 00:06:30.819221
2024-12-10,HUSSJA,2024-12-10 13:52:29.048108,2024-12-10 13:56:00,0 days 00:03:30.951892
2024-12-10,ALLEKA,2024-12-10 08:03:54.317633,2024-12-10 13:56:30,0 days 05:52:35.682367
2024-12-10,TARIAR,2024-12-10 13:49:10.734327,2024-12-10 13:56:49,0 days 00:07:38.265673
2024-12-10,GURISI,2024-12-10 13:36:17.263657,2024-12-10 13:56:51,0 days 00:20:33.736343
2024-12-10,AKHTKH,2024-12-10 13:53:06.619470,2024-12-10 13:57:05,0 days 00:03:58.380530
2024-12-10,GILBBE,2024-12-10 13:50:22.595441,2024-12-10 13:57:13,0 days 00:06:50.404559
2024-12-10,PARSTE,2024-12-10 13:52:52.380945,2024-12-10 13:57:31,0 days 00:04:38.619055
2024-12-10,TEKLSA,2024-12-10 09:59:40.853244,2024-12-10 13:58:32,0 days 03:58:51.146756
2024-12-10,HUSRAJ,2024-12-10 13:53:22.626241,2024-12-10 13:59:23,0 days 00:06:00.373759
2024-12-10,WUSIUW,2024-12-10 10:02:42.627112,2024-12-10 13:59:38,0 days 03:56:55.372888
2024-12-10,GRZYBO,2024-12-10 13:45:22.740410,2024-12-10 14:00:27,0 days 00:15:04.259590
2024-12-10,BARARA,2024-12-10 13:53:15.723661,2024-12-10 14:00:54,0 days 00:07:38.276339
2024-12-10,NAVEHU,2024-12-10 13:55:14.661071,2024-12-10 14:04:07,0 days 00:08:52.338929
2024-12-10,SINGBI,2024-12-10 07:52:19.984968,2024-12-10 14:16:19,0 days 06:23:59.015032
2024-12-10,RAUDAR,2024-12-10 10:21:06.038693,2024-12-10 14:33:18,0 days 04:12:11.961307
2024-12-10,RAUDAR,2024-12-10 10:21:06.038693,2024-12-10 15:08:15,0 days 04:47:08.961307
2024-12-10,HAMMAL,2024-12-10 15:15:44.468885,2024-12-10 15:16:29,0 days 00:00:44.531115
2024-12-10,BRAIRA,2024-12-10 13:08:35.399594,2024-12-10 15:01:38,0 days 01:53:02.600406
2024-12-10,ATIFAL,2024-12-10 11:13:45.927545,2024-12-10 15:03:44,0 days 03:49:58.072455
2024-12-10,KAMRMO,2024-12-10 15:19:01.422241,2024-12-10 15:19:55,0 days 00:00:53.577759
2024-12-10,RAZAAL,2024-12-10 09:52:17.795404,2024-12-10 15:39:47,0 days 05:47:29.204596
2024-12-10,MEHMHA,2024-12-10 09:33:20.083898,2024-12-10 15:49:49,0 days 06:16:28.916102
2024-12-10,KUMANK,2024-12-10 15:49:33.211887,2024-12-10 15:51:56,0 days 00:02:22.788113
2024-12-10,KIANKH,2024-12-10 08:19:20.394991,2024-12-10 15:52:01,0 days 07:32:40.605009
2024-12-10,KHALMU,2024-12-10 15:32:46.370100,2024-12-10 15:52:28,0 days 00:19:41.629900
2024-12-10,MORINI,2024-12-10 15:47:58.612942,2024-12-10 15:52:38,0 days 00:04:39.387058
2024-12-10,MARYYA,2024-12-10 13:47:38.459254,2024-12-10 15:52:48,0 days 02:05:09.540746
2024-12-10,HARIMU,2024-12-10 15:39:49.849092,2024-12-10 15:53:22,0 days 00:13:32.150908
2024-12-10,TITLAM,2024-12-10 13:53:36.925062,2024-12-10 15:53:41,0 days 02:00:04.074938
2024-12-10,GARDNA,2024-12-10 14:59:17.558913,2024-12-10 15:53:49,0 days 00:54:31.441087
2024-12-10,ABBANA,2024-12-10 13:31:10.657254,2024-12-10 15:54:11,0 days 02:23:00.342746
2024-12-10,RASOAL,2024-12-10 15:53:45.650972,2024-12-10 16:00:41,0 days 00:06:55.349028
2024-12-10,AQEAHM,2024-12-10 15:53:05.671417,2024-12-10 15:55:14,0 days 00:02:08.328583
2024-12-10,POTOPA,2024-12-10 13:49:03.627086,2024-12-10 15:55:30,0 days 02:06:26.372914
2024-12-10,GHAZKA,2024-12-10 10:25:57.397945,2024-12-10 15:55:35,0 days 05:29:37.602055
2024-12-10,SOHAAH,2024-12-10 15:55:33.769744,2024-12-10 15:56:05,0 days 00:00:31.230256
2024-12-10,JOEPRY,2024-12-10 15:30:58.288496,2024-12-10 16:04:18,0 days 00:33:19.711504
2024-12-10,KAYELE,2024-12-10 16:02:56.053683,2024-12-10 16:10:33,0 days 00:07:36.946317
2024-12-10,BUTTAZ,2024-12-10 16:13:47.848602,2024-12-10 16:14:31,0 days 00:00:43.151398
2024-12-10,KARLZA,2024-12-10 07:49:01.718946,2024-12-10 09:30:37,0 days 01:41:35.281054
2024-12-10,KARLZA,2024-12-10 07:49:01.718946,2024-12-10 09:34:04,0 days 01:45:02.281054
2024-12-10,RAUDAR,2024-12-10 10:21:06.038693,2024-12-10 16:25:05,0 days 06:03:58.961307
2024-12-10,HASSAS,2024-12-10 08:54:23.607718,2024-12-10 09:36:12,0 days 00:41:48.392282
2024-12-10,KIANKH,2024-12-10 08:19:20.394991,2024-12-10 09:36:17,0 days 01:16:56.605009
2024-12-10,ZEBAKH,2024-12-10 12:56:08.136523,2024-12-10 17:17:56,0 days 04:21:47.863477
2024-12-10,SIKHSA,2024-12-10 09:20:50.580437,2024-12-10 10:46:48,0 days 01:25:57.419563
2024-12-10,JOSOSU,2024-12-10 15:54:54.970196,2024-12-10 15:56:59,0 days 00:02:04.029804
2024-12-10,RAUDAR,2024-12-10 10:21:06.038693,2024-12-10 16:35:47,0 days 06:14:40.961307
2024-12-10,HASSAS,2024-12-10 08:54:23.607718,2024-12-10 10:55:07,0 days 02:00:43.392282
2024-12-10,SIKHSA,2024-12-10 09:20:50.580437,2024-12-10 10:56:18,0 days 01:35:27.419563
2024-12-10,ASADKH,2024-12-10 02:10:36.488937,2024-12-10 04:12:40,0 days 02:02:03.511063
2024-12-10,ZAFESA,2024-12-10 09:38:22.035442,2024-12-10 09:52:00,0 days 00:13:37.964558
2024-12-10,ASADKH,2024-12-10 01:10:29.104122,2024-12-10 01:32:08,0 days 00:21:38.895878
2024-12-10,ASADKH,2024-12-10 01:10:29.104122,2024-12-10 01:32:50,0 days 00:22:20.895878
2024-12-10,SIDHSU,2024-12-10 09:50:31.103029,2024-12-10 09:54:10,0 days 00:03:38.896971
2024-12-10,SURAZU,2024-12-10 10:25:35.701074,2024-12-10 11:02:42,0 days 00:37:06.298926
2024-12-10,SINSAN,2024-12-10 09:48:28.303355,2024-12-10 09:54:16,0 days 00:05:47.696645
2024-12-10,MATHVI,2024-12-10 09:53:30.024176,2024-12-10 09:57:43,0 days 00:04:12.975824
2024-12-10,ASADKH,2024-12-10 01:37:32.466404,2024-12-10 01:41:31,0 days 00:03:58.533596
2024-12-10,MUSHAH,2024-12-10 09:50:17.417148,2024-12-10 09:58:42,0 days 00:08:24.582852
2024-12-10,RAJAME,2024-12-10 09:58:45.870592,2024-12-10 09:59:48,0 days 00:01:02.129408
2024-12-10,HOPKST,2024-12-10 04:04:33.276477,2024-12-10 23:12:20,0 days 19:07:46.723523
2024-12-10,OPATEM,2024-12-10 01:45:00.154055,2024-12-10 01:47:39,0 days 00:02:38.845945
2024-12-10,RAUDAR,2024-12-10 10:21:06.038693,2024-12-10 17:49:39,0 days 07:28:32.961307
2024-12-10,HOLLDA,2024-12-10 17:37:29.332829,2024-12-10 17:49:52,0 days 00:12:22.667171
2024-12-10,KHANBA,2024-12-10 08:07:43.289959,2024-12-10 17:50:05,0 days 09:42:21.710041
2024-12-10,KUMARA,2024-12-10 10:29:18.257960,2024-12-10 17:50:22,0 days 07:21:03.742040
2024-12-10,JETLAN,2024-12-10 15:50:12.188022,2024-12-10 17:50:32,0 days 02:00:19.811978
2024-12-10,KHAMUH,2024-12-10 13:47:54.461142,2024-12-10 17:52:21,0 days 04:04:26.538858
2024-12-10,DANASH,2024-12-10 17:48:48.696875,2024-12-10 17:52:31,0 days 00:03:42.303125
2024-12-10,BALHUS,2024-12-10 01:02:51.492515,2024-12-10 01:50:11,0 days 00:47:19.507485
2024-12-10,MANJSI,2024-12-10 07:49:04.687714,2024-12-10 07:49:34,0 days 00:00:29.312286
2024-12-10,SALEQA,2024-12-10 13:49:35.980617,2024-12-10 17:53:53,0 days 04:04:17.019383
2024-12-10,ARORAS,2024-12-10 17:47:31.078715,2024-12-10 17:53:58,0 days 00:06:26.921285
2024-12-10,HASSAS,2024-12-10 08:54:23.607718,2024-12-10 17:54:18,0 days 08:59:54.392282
2024-12-10,DARYAB,2024-12-10 10:30:14.603147,2024-12-10 17:54:19,0 days 07:24:04.396853
2024-12-10,DINMUH,2024-12-10 01:36:26.386945,2024-12-10 01:50:56,0 days 00:14:29.613055
2024-12-10,SOHAAH,2024-12-10 01:51:08.524008,2024-12-10 01:51:46,0 days 00:00:37.475992
2024-12-10,HAMMAL,2024-12-10 18:41:25.841603,2024-12-10 18:50:51,0 days 00:09:25.158397
2024-12-10,FAISJA,2024-12-10 01:50:08.509315,2024-12-10 01:52:26,0 days 00:02:17.490685
2024-12-10,HMEDMU,2024-12-10 01:48:48.487490,2024-12-10 01:53:00,0 days 00:04:11.512510
2024-12-10,KHAZAH,2024-12-10 01:45:30.248615,2024-12-10 01:53:25,0 days 00:07:54.751385
2024-12-10,SETHRO,2024-12-10 07:55:53.080315,2024-12-10 11:31:31,0 days 03:35:37.919685
2024-12-10,SAIFAR,2024-12-10 01:28:38.343700,2024-12-10 01:54:29,0 days 00:25:50.656300
2024-12-10,KUMANA,2024-12-10 01:51:52.526649,2024-12-10 01:54:44,0 days 00:02:51.473351
2024-12-10,BASHAY,2024-12-10 01:52:00.068352,2024-12-10 01:55:01,0 days 00:03:00.931648
2024-12-10,HAMZAM,2024-12-10 01:52:43.306199,2024-12-10 01:55:06,0 days 00:02:22.693801
2024-12-10,MUHAAW,2024-12-10 01:52:18.893462,2024-12-10 01:55:10,0 days 00:02:51.106538
2024-12-10,KHANSH,2024-12-10 01:53:35.423895,2024-12-10 01:55:48,0 days 00:02:12.576105
2024-12-10,ANDRDR,2024-12-10 01:48:28.268468,2024-12-10 01:56:06,0 days 00:07:37.731532
2024-12-10,ARATAN,2024-12-10 01:42:56.126307,2024-12-10 01:56:06,0 days 00:13:09.873693
2024-12-10,HASSAS,2024-12-10 08:54:23.607718,2024-12-10 11:34:40,0 days 02:40:16.392282
2024-12-10,SONUSO,2024-12-10 01:53:57.499071,2024-12-10 01:56:18,0 days 00:02:20.500929
2024-12-10,SADIMU,2024-12-10 07:53:49.963899,2024-12-10 07:54:57,0 days 00:01:07.036101
2024-12-10,SINGUR,2024-12-10 01:54:50.821971,2024-12-10 01:58:53,0 days 00:04:02.178029
2024-12-10,ASGHRI,2024-12-10 01:16:01.119703,2024-12-10 01:59:06,0 days 00:43:04.880297
2024-12-10,KUMATA,2024-12-10 07:55:02.105698,2024-12-10 07:55:51,0 days 00:00:48.894302
2024-12-10,ALIMAJ,2024-12-10 03:12:02.484980,2024-12-10 04:35:12,0 days 01:23:09.515020
2024-12-10,KHANAN,2024-12-10 10:03:36.827717,2024-12-10 12:30:43,0 days 02:27:06.172283
2024-12-10,KHANOH,2024-12-10 01:05:07.821366,2024-12-10 02:01:00,0 days 00:55:52.178634
2024-12-10,KUMARA,2024-12-10 10:29:18.257960,2024-12-10 12:37:01,0 days 02:07:42.742040
2024-12-10,KIANKH,2024-12-10 08:19:20.394991,2024-12-10 11:51:19,0 days 03:31:58.605009
2024-12-10,MUZAMU,2024-12-10 13:51:36.673834,2024-12-10 21:30:17,0 days 07:38:40.326166
2024-12-10,RAZAAL,2024-12-10 09:52:17.795404,2024-12-10 10:30:12,0 days 00:37:54.204596
2024-12-10,GNACBO,2024-12-10 21:30:06.782263,2024-12-10 21:34:17,0 days 00:04:10.217737
2024-12-10,KHAJUN,2024-12-10 01:11:06.944037,2024-12-10 02:13:41,0 days 01:02:34.055963
2024-12-10,EJITIG,2024-12-10 21:34:16.141349,2024-12-10 21:39:36,0 days 00:05:19.858651
2024-12-10,DHINPU,2024-12-10 21:40:38.081218,2024-12-10 21:41:04,0 days 00:00:25.918782
2024-12-10,ASADKH,2024-12-10 02:10:36.488937,2024-12-10 02:17:58,0 days 00:07:21.511063
2024-12-10,ZAWAZA,2024-12-10 23:39:59.627886,2024-12-10 23:53:39,0 days 00:13:39.372114
2024-12-10,RACHPA,2024-12-10 21:38:17.140565,2024-12-10 21:41:54,0 days 00:03:36.859435
2024-12-10,MANJSI,2024-12-10 07:49:04.687714,2024-12-10 21:42:50,0 days 13:53:45.312286
2024-12-10,SIRANA,2024-12-10 21:38:11.369752,2024-12-10 21:42:57,0 days 00:04:45.630248
2024-12-10,SINGBI,2024-12-10 21:40:55.749073,2024-12-10 21:43:12,0 days 00:02:16.250927
2024-12-10,OGBAJO,2024-12-10 21:37:39.400247,2024-12-10 21:43:24,0 days 00:05:44.599753
2024-12-10,SIKHSA,2024-12-10 09:20:50.580437,2024-12-10 10:43:32,0 days 01:22:41.419563
2024-12-10,RAHIAM,2024-12-10 21:40:05.188223,2024-12-10 21:43:50,0 days 00:03:44.811777
2024-12-10,REBIMA,2024-12-10 21:45:06.176952,2024-12-10 21:45:12,0 days 00:00:05.823048
2024-12-10,POPADE,2024-12-10 21:41:15.465740,2024-12-10 21:45:18,0 days 00:04:02.534260
2024-12-10,AHMEAQ,2024-12-10 21:44:34.052074,2024-12-10 21:45:46,0 days 00:01:11.947926
2024-12-10,KHAZAH,2024-12-10 21:39:51.815056,2024-12-10 21:45:49,0 days 00:05:57.184944
2024-12-10,SADIMU,2024-12-10 07:53:49.963899,2024-12-10 21:46:16,0 days 13:52:26.036101
2024-12-10,IWANSY,2024-12-10 21:40:10.234518,2024-12-10 21:47:11,0 days 00:07:00.765482
2024-12-10,JAVEAH,2024-12-10 21:07:45.673636,2024-12-10 21:47:29,0 days 00:39:43.326364
2024-12-10,PERVIR,2024-12-10 11:11:26.118956,2024-12-10 13:01:40,0 days 01:50:13.881044
2024-12-10,HMEDMU,2024-12-10 21:44:23.256154,2024-12-10 21:48:24,0 days 00:04:00.743846
2024-12-10,RAHMMU,2024-12-10 21:46:05.573958,2024-12-10 21:48:28,0 days 00:02:22.426042
2024-12-10,ABBAWA,2024-12-10 05:56:18.014366,2024-12-10 21:48:46,0 days 15:52:27.985634
2024-12-10,WAQAAH,2024-12-10 16:22:56.673839,2024-12-10 21:49:53,0 days 05:26:56.326161
2024-12-10,HAMMAL,2024-12-10 21:50:00.198587,2024-12-10 21:50:07,0 days 00:00:06.801413
2024-12-10,MAHMHA,2024-12-10 21:43:35.170439,2024-12-10 21:50:24,0 days 00:06:48.829561
2024-12-10,MENDAN,2024-12-10 21:45:54.413244,2024-12-10 21:50:35,0 days 00:04:40.586756
2024-12-10,TABIAL,2024-12-10 16:39:27.701318,2024-12-10 21:50:36,0 days 05:11:08.298682
2024-12-10,YOUNWA,2024-12-10 21:19:08.680342,2024-12-10 21:50:53,0 days 00:31:44.319658
2024-12-10,KUBAND,2024-12-10 20:35:30.481367,2024-12-10 21:51:28,0 days 01:15:57.518633
2024-12-10,BUTTAZ,2024-12-10 21:48:55.991160,2024-12-10 21:51:48,0 days 00:02:52.008840
2024-12-10,MANSUS,2024-12-10 21:47:39.646296,2024-12-10 21:51:56,0 days 00:04:16.353704
2024-12-10,REARPA,2024-12-10 21:32:33.319586,2024-12-10 21:52:05,0 days 00:19:31.680414
2024-12-10,HASSAR,2024-12-10 19:52:36.997779,2024-12-10 21:52:08,0 days 01:59:31.002221
2024-12-10,ISMAMU,2024-12-10 21:35:57.413882,2024-12-10 21:52:09,0 days 00:16:11.586118
2024-12-10,KRISDE,2024-12-10 21:26:29.180403,2024-12-10 21:52:18,0 days 00:25:48.819597
2024-12-10,MEHMAK,2024-12-10 21:41:39.390903,2024-12-10 21:52:38,0 days 00:10:58.609097
2024-12-10,JUNAMO,2024-12-10 21:45:51.363912,2024-12-10 21:53:02,0 days 00:07:10.636088
2024-12-10,RIASTA,2024-12-10 21:51:32.475377,2024-12-10 21:53:21,0 days 00:01:48.524623
2024-12-10,RAZAUS,2024-12-10 21:51:47.640982,2024-12-10 21:53:22,0 days 00:01:34.359018
2024-12-10,SZAKMA,2024-12-10 21:49:15.423486,2024-12-10 21:53:38,0 days 00:04:22.576514
2024-12-10,IQBAUS,2024-12-10 21:52:56.634184,2024-12-10 21:53:43,0 days 00:00:46.365816
2024-12-10,HANIKH,2024-12-10 18:15:42.488300,2024-12-10 21:53:45,0 days 03:38:02.511700
2024-12-10,ASADKH,2024-12-10 02:10:36.488937,2024-12-10 02:30:26,0 days 00:19:49.511063
2024-12-10,SAYYTO,2024-12-10 21:38:42.057952,2024-12-10 21:53:47,0 days 00:15:04.942048
2024-12-10,HARIMU,2024-12-10 21:49:37.583843,2024-12-10 21:53:50,0 days 00:04:12.416157
2024-12-10,KUMANA,2024-12-10 21:49:29.893690,2024-12-10 21:54:04,0 days 00:04:34.106310
2024-12-10,HAMIFA,2024-12-10 21:47:10.867767,2024-12-10 21:54:07,0 days 00:06:56.132233
2024-12-10,PROCDO,2024-12-10 21:41:47.147536,2024-12-10 21:54:14,0 days 00:12:26.852464
2024-12-10,HARRBR,2024-12-10 21:44:09.106780,2024-12-10 21:54:15,0 days 00:10:05.893220
2024-12-10,ARYAVI,2024-12-10 21:34:33.097012,2024-12-10 21:54:16,0 days 00:19:42.902988
2024-12-10,BRAIRA,2024-12-10 13:08:35.399594,2024-12-10 13:12:49,0 days 00:04:13.600406
2024-12-10,SIKANS,2024-12-10 21:49:55.770079,2024-12-10 21:54:45,0 days 00:04:49.229921
2024-12-10,USMAMU,2024-12-10 21:50:47.575172,2024-12-10 21:54:50,0 days 00:04:02.424828
2024-12-10,AHMERA,2024-12-10 21:46:56.260335,2024-12-10 21:54:58,0 days 00:08:01.739665
2024-12-10,HUSMUZ,2024-12-10 21:51:07.218528,2024-12-10 21:55:02,0 days 00:03:54.781472
2024-12-10,QADHA,2024-12-10 21:47:57.311412,2024-12-10 21:55:02,0 days 00:07:04.688588
2024-12-10,MOHAIQ,2024-12-10 08:41:35.519014,2024-12-10 08:42:07,0 days 00:00:31.480986
2024-12-10,DHOOBA,2024-12-10 21:50:09.186256,2024-12-10 21:55:05,0 days 00:04:55.813744
2024-12-10,KAYELE,2024-12-10 21:50:10.777244,2024-12-10 21:55:07,0 days 00:04:56.222756
2024-12-10,TAGUST,2024-12-10 21:51:17.764136,2024-12-10 21:55:07,0 days 00:03:49.235864
2024-12-10,ILYAMU,2024-12-10 21:47:52.467126,2024-12-10 21:55:13,0 days 00:07:20.532874
2024-12-10,KHANGH,2024-12-10 21:52:49.633103,2024-12-10 21:55:19,0 days 00:02:29.366897
2024-12-10,RASHHA,2024-12-10 21:40:55.328227,2024-12-10 21:55:20,0 days 00:14:24.671773
2024-12-10,GHAZAH,2024-12-10 21:42:09.737662,2024-12-10 21:55:24,0 days 00:13:14.262338
2024-12-10,ADEABA,2024-12-10 21:41:29.768549,2024-12-10 21:55:32,0 days 00:14:02.231451
2024-12-10,RAZAFA,2024-12-10 21:50:08.405527,2024-12-10 21:55:35,0 days 00:05:26.594473
2024-12-10,ABDUBA,2024-12-10 21:50:20.633673,2024-12-10 21:55:36,0 days 00:05:15.366327
2024-12-10,ATIQMU,2024-12-10 21:50:40.968244,2024-12-10 21:55:44,0 days 00:05:03.031756
2024-12-10,MCGAFR,2024-12-10 21:52:37.552205,2024-12-10 21:55:50,0 days 00:03:12.447795
2024-12-10,AGEAS,2024-12-10 21:49:37.166172,2024-12-10 21:55:53,0 days 00:06:15.833828
2024-12-10,KHALSA,2024-12-10 21:49:03.154779,2024-12-10 21:55:55,0 days 00:06:51.845221
2024-12-10,BARAUB,2024-12-10 21:51:26.902880,2024-12-10 21:55:57,0 days 00:04:30.097120
2024-12-10,KHANRA,2024-12-10 12:44:27.442962,2024-12-10 21:56:01,0 days 09:11:33.557038
2024-12-10,SINGKA,2024-12-10 21:46:59.063476,2024-12-10 21:56:12,0 days 00:09:12.936524
2024-12-10,MEARJO,2024-12-10 21:30:30.829670,2024-12-10 21:56:21,0 days 00:25:50.170330
2024-12-10,FARHMO,2024-12-10 12:59:25.018252,2024-12-10 13:21:32,0 days 00:22:06.981748
2024-12-10,SAQIAL,2024-12-10 12:55:38.500552,2024-12-10 13:21:34,0 days 00:25:55.499448
2024-12-10,KUMANK,2024-12-10 13:20:48.218524,2024-12-10 13:21:37,0 days 00:00:48.781476
2024-12-10,MAHMQA,2024-12-10 12:59:45.847051,2024-12-10 13:21:39,0 days 00:21:53.152949
2024-12-10,MEHMHA,2024-12-10 09:33:20.083898,2024-12-10 13:21:50,0 days 03:48:29.916102
2024-12-10,MUHAHA,2024-12-10 21:53:20.242906,2024-12-10 21:56:36,0 days 00:03:15.757094
2024-12-10,SHAHAS,2024-12-10 21:45:57.621485,2024-12-10 21:56:45,0 days 00:10:47.378515
2024-12-10,KAURCH,2024-12-10 21:48:34.414089,2024-12-10 21:57:01,0 days 00:08:26.585911
2024-12-10,AMALIK,2024-12-10 21:48:34.056674,2024-12-10 21:57:19,0 days 00:08:44.943326
2024-12-10,JUNAYA,2024-12-10 21:49:22.086267,2024-12-10 21:57:39,0 days 00:08:16.913733
2024-12-10,JASING,2024-12-10 13:22:07.680202,2024-12-10 13:22:57,0 days 00:00:49.319798
2024-12-10,WUSIUW,2024-12-10 10:02:42.627112,2024-12-10 13:22:59,0 days 03:20:16.372888
2024-12-10,MUBAHA,2024-12-10 21:50:45.556373,2024-12-10 21:58:12,0 days 00:07:26.443627
2024-12-10,SAIFMU,2024-12-10 21:52:49.970463,2024-12-10 21:58:34,0 days 00:05:44.029537
2024-12-10,AKHTHA,2024-12-10 21:51:04.314080,2024-12-10 21:58:41,0 days 00:07:36.685920
2024-12-10,RASHZE,2024-12-10 21:49:24.999077,2024-12-10 21:58:45,0 days 00:09:20.000923
2024-12-10,ZAHIKA,2024-12-10 21:47:37.597479,2024-12-10 21:58:51,0 days 00:11:13.402521
2024-12-10,WAQAHU,2024-12-10 21:52:57.045831,2024-12-10 21:58:54,0 days 00:05:56.954169
2024-12-10,SHAZMO,2024-12-10 21:38:03.146645,2024-12-10 21:59:30,0 days 00:21:26.853355
2024-12-10,TARIAR,2024-12-10 13:19:39.699850,2024-12-10 13:23:15,0 days 00:03:35.300150
2024-12-10,AKMUHA,2024-12-10 13:08:28.686817,2024-12-10 13:23:25,0 days 00:14:56.313183
2024-12-10,SALEQA,2024-12-10 13:13:49.700660,2024-12-10 13:23:29,0 days 00:09:39.299340
2024-12-10,HAYAMO,2024-12-10 21:47:03.516139,2024-12-10 22:01:00,0 days 00:13:56.483861
2024-12-10,FAKHAN,2024-12-10 21:47:30.191470,2024-12-10 22:04:21,0 days 00:16:50.808530
2024-12-10,HASSAR,2024-12-10 13:24:17.269856,2024-12-10 13:24:28,0 days 00:00:10.730144
2024-12-10,LOVELO,2024-12-10 13:24:41.440698,2024-12-10 13:24:44,0 days 00:00:02.559302
2024-12-10,JOEPRY,2024-12-10 13:10:35.729599,2024-12-10 13:25:36,0 days 00:15:00.270401
2024-12-10,MUZAMU,2024-12-10 13:06:40.124992,2024-12-10 13:25:36,0 days 00:18:55.875008
2024-12-10,ABBANA,2024-12-10 13:25:08.693264,2024-12-10 13:25:37,0 days 00:00:28.306736
2024-12-10,RAUDAR,2024-12-10 10:21:06.038693,2024-12-10 13:26:08,0 days 03:05:01.961307
2024-12-10,ASADKH,2024-12-10 02:10:36.488937,2024-12-10 05:36:30,0 days 03:25:53.511063
2024-12-10,TURTRO,2024-12-10 13:26:53.026881,2024-12-10 13:27:38,0 days 00:00:44.973119
2024-12-10,BAJMAR,2024-12-10 13:27:14.132975,2024-12-10 13:27:39,0 days 00:00:24.867025
2024-12-10,VIGEDH,2024-12-10 02:53:37.768027,2024-12-10 03:00:40,0 days 00:07:02.231973
2024-12-10,KHANTA,2024-12-10 05:41:58.949470,2024-12-10 05:43:41,0 days 00:01:42.050530
2024-12-10,BRAIRA,2024-12-10 13:08:35.399594,2024-12-10 13:31:55,0 days 00:23:19.600406
2024-12-10,MEHSAA,2024-12-10 05:33:07.329335,2024-12-10 05:49:44,0 days 00:16:36.670665
2024-12-10,FARILA,2024-12-10 05:44:36.710442,2024-12-10 05:50:16,0 days 00:05:39.289558
2024-12-10,RAUDAR,2024-12-10 10:21:06.038693,2024-12-10 13:34:27,0 days 03:13:20.961307
2024-12-10,KARLZA,2024-12-10 07:49:01.718946,2024-12-10 09:13:19,0 days 01:24:17.281054
2024-12-10,RAUDAR,2024-12-10 10:21:06.038693,2024-12-10 13:35:50,0 days 03:14:43.961307
2024-12-10,IMRAKH,2024-12-10 02:19:25.644961,2024-12-10 05:50:22,0 days 03:30:56.355039
2024-12-10,ARSMOH,2024-12-10 05:48:04.093095,2024-12-10 05:50:42,0 days 00:02:37.906905
2024-12-10,HOPKST,2024-12-10 04:04:33.276477,2024-12-10 05:50:49,0 days 01:46:15.723523
2024-12-10,MROZKA,2024-12-10 05:51:21.546897,2024-12-10 05:52:04,0 days 00:00:42.453103
2024-12-10,KAPUMA,2024-12-10 05:49:53.054002,2024-12-10 05:53:06,0 days 00:03:12.945998
2024-12-10,SHAMOH,2024-12-10 05:42:42.917390,2024-12-10 05:53:21,0 days 00:10:38.082610
2024-12-10,ALSHMO,2024-12-10 04:15:31.142779,2024-12-10 05:54:02,0 days 01:38:30.857221
2024-12-10,JAWAMI,2024-12-10 03:16:07.419732,2024-12-10 05:54:12,0 days 02:38:04.580268
2024-12-10,MIRES,2024-12-10 05:29:31.009341,2024-12-10 05:54:15,0 days 00:24:43.990659
2024-12-10,BAHFAI,2024-12-10 05:47:18.626555,2024-12-10 05:54:20,0 days 00:07:01.373445
2024-12-10,CADEMI,2024-12-10 05:43:25.428913,2024-12-10 05:54:29,0 days 00:11:03.571087
2024-12-10,HAKEKH,2024-12-10 05:31:38.961030,2024-12-10 05:54:33,0 days 00:22:54.038970
2024-12-10,KASEMI,2024-12-10 05:42:55.604374,2024-12-10 05:54:37,0 days 00:11:41.395626
2024-12-10,GREERE,2024-12-10 12:49:51.981321,2024-12-10 13:39:53,0 days 00:50:01.018679
2024-12-10,NAHEAI,2024-12-10 05:51:30.271646,2024-12-10 05:54:37,0 days 00:03:06.728354
2024-12-10,ZEMLIL,2024-12-10 05:02:56.971512,2024-12-10 05:54:39,0 days 00:51:42.028488
2024-12-10,AHMIFF,2024-12-10 05:34:19.912396,2024-12-10 05:54:45,0 days 00:20:25.087604
2024-12-10,ARMAKH,2024-12-10 05:37:49.975518,2024-12-10 05:54:57,0 days 00:17:07.024482
2024-12-10,ASADKH,2024-12-10 02:10:36.488937,2024-12-10 05:54:57,0 days 03:44:20.511063
2024-12-10,KHANME,2024-12-10 05:51:21.554019,2024-12-10 05:54:57,0 days 00:03:35.445981
2024-12-10,MUHAAM,2024-12-10 05:48:27.475382,2024-12-10 05:54:57,0 days 00:06:29.524618
2024-12-10,HASSAF,2024-12-10 05:39:50.327415,2024-12-10 05:55:00,0 days 00:15:09.672585
2024-12-10,KHASIR,2024-12-10 04:56:21.380763,2024-12-10 05:55:00,0 days 00:58:38.619237
2024-12-10,ARMAAS,2024-12-10 05:46:15.938390,2024-12-10 05:55:01,0 days 00:08:45.061610
2024-12-10,MUHAKA,2024-12-10 05:34:17.637221,2024-12-10 05:55:01,0 days 00:20:43.362779
2024-12-10,MUHKHA,2024-12-10 05:46:57.309920,2024-12-10 05:55:01,0 days 00:08:03.690080
2024-12-10,NAQVSE,2024-12-10 05:39:10.059164,2024-12-10 05:55:01,0 days 00:15:50.940836
2024-12-10,RACHPA,2024-12-10 05:50:27.537337,2024-12-10 05:55:01,0 days 00:04:33.462663
2024-12-10,SINGBI,2024-12-10 05:52:03.062748,2024-12-10 05:55:01,0 days 00:02:57.937252
2024-12-10,ZIGMIL,2024-12-10 05:48:21.285006,2024-12-10 05:55:01,0 days 00:06:39.714994
2024-12-10,ALISAA,2024-12-10 05:41:15.189132,2024-12-10 05:55:02,0 days 00:13:46.810868
2024-12-10,IMRAZA,2024-12-10 05:52:09.735089,2024-12-10 05:55:02,0 days 00:02:52.264911
2024-12-10,KHANAB,2024-12-10 05:44:06.898658,2024-12-10 05:55:02,0 days 00:10:55.101342
2024-12-10,PERLAL,2024-12-10 05:22:30.190534,2024-12-10 05:55:03,0 days 00:32:32.809466
2024-12-10,RAHMMU,2024-12-10 05:28:42.059726,2024-12-10 05:55:03,0 days 00:26:20.940274
2024-12-10,HUSABB,2024-12-10 05:32:44.066861,2024-12-10 05:55:04,0 days 00:22:19.933139
2024-12-10,ADEABA,2024-12-10 05:49:08.390635,2024-12-10 05:55:05,0 days 00:05:56.609365
2024-12-10,MOHAGU,2024-12-10 05:46:25.070683,2024-12-10 05:55:05,0 days 00:08:39.929317
2024-12-10,RAFIFA,2024-12-10 05:27:42.757958,2024-12-10 05:55:05,0 days 00:27:22.242042
2024-12-10,TUCKJO,2024-12-10 04:05:57.376263,2024-12-10 05:55:05,0 days 01:49:07.623737
2024-12-10,FAROAY,2024-12-10 05:48:30.811527,2024-12-10 05:55:06,0 days 00:06:35.188473
2024-12-10,SADDMU,2024-12-10 00:14:35.536237,2024-12-10 05:55:06,0 days 05:40:30.463763
2024-12-10,GREESE,2024-12-10 13:21:23.213816,2024-12-10 13:42:17,0 days 00:20:53.786184
2024-12-10,WECKMA,2024-12-10 13:42:02.745494,2024-12-10 13:42:50,0 days 00:00:47.254506
2024-12-10,ALTAAJ,2024-12-10 05:50:07.736646,2024-12-10 05:55:07,0 days 00:04:59.263354
2024-12-10,MUHAUS,2024-12-10 05:49:44.270610,2024-12-10 05:55:07,0 days 00:05:22.729390
2024-12-10,SAQIAR,2024-12-10 05:48:31.088288,2024-12-10 05:55:07,0 days 00:06:35.911712
2024-12-10,KHASAA,2024-12-10 05:13:58.496167,2024-12-10 05:55:08,0 days 00:41:09.503833
2024-12-10,KUMATA,2024-12-10 05:20:57.816188,2024-12-10 05:55:08,0 days 00:34:10.183812
2024-12-10,MIKUKR,2024-12-10 04:34:05.438635,2024-12-10 05:55:08,0 days 01:21:02.561365
2024-12-10,OGBAJO,2024-12-10 05:34:36.367002,2024-12-10 05:55:08,0 days 00:20:31.632998
2024-12-10,REZKRI,2024-12-10 05:47:13.474708,2024-12-10 05:55:08,0 days 00:07:54.525292
2024-12-10,RAUDAR,2024-12-10 10:21:06.038693,2024-12-10 13:43:50,0 days 03:22:43.961307
2024-12-10,KHANTA,2024-12-10 03:21:06.346307,2024-12-10 03:25:52,0 days 00:04:45.653693
2024-12-10,AKRAWA,2024-12-10 05:35:40.048516,2024-12-10 05:55:09,0 days 00:19:28.951484
2024-12-10,CHOMJA,2024-12-10 05:48:05.173576,2024-12-10 05:55:09,0 days 00:07:03.826424
2024-12-10,RASIWA,2024-12-10 05:51:39.293089,2024-12-10 05:55:09,0 days 00:03:29.706911
2024-12-10,AZIMAM,2024-12-10 05:39:56.847321,2024-12-10 05:55:10,0 days 00:15:13.152679
2024-12-10,SINSAN,2024-12-10 05:53:26.572704,2024-12-10 05:55:10,0 days 00:01:43.427296
2024-12-10,HASEHA,2024-12-10 05:27:33.289296,2024-12-10 05:55:11,0 days 00:27:37.710704
2024-12-10,MEHMAS,2024-12-10 05:50:45.057436,2024-12-10 05:55:11,0 days 00:04:25.942564
2024-12-10,MRKVMI,2024-12-10 05:46:43.175292,2024-12-10 05:55:12,0 days 00:08:28.824708
2024-12-10,MUSAQI,2024-12-10 05:48:19.231032,2024-12-10 05:55:12,0 days 00:06:52.768968
2024-12-10,SHAHMO,2024-12-10 05:48:30.461847,2024-12-10 05:55:12,0 days 00:06:41.538153
2024-12-10,LABADA,2024-12-10 13:39:19.313626,2024-12-10 13:44:44,0 days 00:05:24.686374
2024-12-10,DIRDRO,2024-12-10 05:45:55.269837,2024-12-10 05:55:13,0 days 00:09:17.730163
2024-12-10,MAKUED,2024-12-10 05:48:00.922105,2024-12-10 05:55:13,0 days 00:07:12.077895
2024-12-10,MADHIQ,2024-12-10 05:41:27.535764,2024-12-10 05:55:14,0 days 00:13:46.464236
2024-12-10,TKACTO,2024-12-10 05:48:37.891167,2024-12-10 05:55:14,0 days 00:06:36.108833
2024-12-10,AZAMUM,2024-12-10 05:19:34.707870,2024-12-10 05:55:15,0 days 00:35:40.292130
2024-12-10,BALOPE,2024-12-10 05:46:45.652560,2024-12-10 05:55:15,0 days 00:08:29.347440
2024-12-10,DEHGFA,2024-12-10 05:45:56.305505,2024-12-10 05:55:15,0 days 00:09:18.694495
2024-12-10,PARMSA,2024-12-10 05:49:11.052750,2024-12-10 05:55:15,0 days 00:06:03.947250
2024-12-10,HOTAHA,2024-12-10 05:34:53.200443,2024-12-10 05:55:16,0 days 00:20:22.799557
2024-12-10,TYSOGR,2024-12-10 05:48:44.473421,2024-12-10 05:55:16,0 days 00:06:31.526579
2024-12-10,SLACLU,2024-12-10 13:45:59.421387,2024-12-10 13:46:37,0 days 00:00:37.578613
2024-12-10,KUMANK,2024-12-10 13:47:27.946223,2024-12-10 13:47:37,0 days 00:00:09.053777
2024-12-10,COMPKA,2024-12-10 05:13:33.423031,2024-12-10 05:55:17,0 days 00:41:43.576969
2024-12-10,DAANHU,2024-12-10 05:42:14.717793,2024-12-10 05:55:17,0 days 00:13:02.282207
2024-12-10,EJAZAH,2024-12-10 05:52:05.127922,2024-12-10 05:55:17,0 days 00:03:11.872078
2024-12-10,HAQFAS,2024-12-10 05:45:50.312338,2024-12-10 05:55:17,0 days 00:09:26.687662
2024-12-10,DHINPU,2024-12-10 05:22:14.040622,2024-12-10 05:55:19,0 days 00:33:04.959378
2024-12-10,REHFAI,2024-12-10 05:23:33.700015,2024-12-10 05:55:19,0 days 00:31:45.299985
2024-12-10,SIRANA,2024-12-10 05:39:57.930793,2024-12-10 05:55:19,0 days 00:15:21.069207
2024-12-10,ROJOSA,2024-12-10 05:39:24.037438,2024-12-10 05:55:21,0 days 00:15:56.962562
2024-12-10,GULEES,2024-12-10 05:41:51.098148,2024-12-10 05:55:23,0 days 00:13:31.901852
2024-12-10,MCCOMI,2024-12-10 05:51:01.559619,2024-12-10 05:55:23,0 days 00:04:21.440381
2024-12-10,BAIDDI,2024-12-10 13:43:20.469951,2024-12-10 13:48:11,0 days 00:04:50.530049
2024-12-10,HASSIQ,2024-12-10 13:38:39.747459,2024-12-10 13:48:53,0 days 00:10:13.252541
2024-12-10,WAITCH,2024-12-10 13:18:14.728413,2024-12-10 13:49:14,0 days 00:30:59.271587
2024-12-10,AMALIK,2024-12-10 13:46:59.942350,2024-12-10 13:49:22,0 days 00:02:22.057650
2024-12-10,VASCOA,2024-12-10 13:45:36.566120,2024-12-10 13:49:29,0 days 00:03:52.433880
2024-12-10,MDTAUD,2024-12-10 13:48:28.314980,2024-12-10 13:49:46,0 days 00:01:17.685020
2024-12-10,MUHADI,2024-12-10 05:47:48.071155,2024-12-10 05:55:23,0 days 00:07:34.928845
2024-12-10,SHEADA,2024-12-10 05:39:02.156924,2024-12-10 05:55:24,0 days 00:16:21.843076
2024-12-10,ADEMAD,2024-12-10 05:51:13.583958,2024-12-10 05:55:26,0 days 00:04:12.416042
2024-12-10,SHAHAR,2024-12-10 05:48:05.022041,2024-12-10 05:55:26,0 days 00:07:20.977959
2024-12-10,KHAADI,2024-12-10 05:34:03.508175,2024-12-10 05:55:27,0 days 00:21:23.491825
2024-12-10,MUSTAD,2024-12-10 05:20:35.467094,2024-12-10 05:55:27,0 days 00:34:51.532906
2024-12-10,KOHIDA,2024-12-10 05:36:02.105036,2024-12-10 05:55:31,0 days 00:19:28.894964
2024-12-10,STEFCO,2024-12-10 05:51:35.925142,2024-12-10 05:55:34,0 days 00:03:58.074858
2024-12-10,SAADMU,2024-12-10 05:25:53.230746,2024-12-10 05:55:38,0 days 00:29:44.769254
2024-12-10,MUSHAH,2024-12-10 05:44:00.628061,2024-12-10 05:55:39,0 days 00:11:38.371939
2024-12-10,JAGEAD,2024-12-10 00:05:10.543324,2024-12-10 05:55:41,0 days 05:50:30.456676
2024-12-10,JOSEJO,2024-12-10 05:55:23.409612,2024-12-10 05:55:41,0 days 00:00:17.590388
2024-12-10,RAJEJA,2024-12-10 05:42:31.913622,2024-12-10 05:55:41,0 days 00:13:09.086378
2024-12-10,GURNTY,2024-12-10 05:45:48.715075,2024-12-10 05:55:44,0 days 00:09:55.284925
2024-12-10,MASHHU,2024-12-10 02:07:52.816855,2024-12-10 05:55:49,0 days 03:47:56.183145
2024-12-10,BAJMAR,2024-12-10 13:35:13.543805,2024-12-10 13:50:10,0 days 00:14:56.456195
2024-12-10,MAHMZA,2024-12-10 13:47:10.508987,2024-12-10 13:50:23,0 days 00:03:12.491013
2024-12-10,MARYYA,2024-12-10 13:47:38.459254,2024-12-10 13:50:29,0 days 00:02:50.540746
2024-12-10,ASADKH,2024-12-10 00:54:14.453294,2024-12-10 01:01:00,0 days 00:06:45.546706
2024-12-10,ASADKH,2024-12-10 00:54:14.453294,2024-12-10 01:01:29,0 days 00:07:14.546706
2024-12-10,AZIMIB,2024-12-10 05:16:16.051938,2024-12-10 05:55:50,0 days 00:39:33.948062
2024-12-10,SADIMU,2024-12-10 05:31:42.908903,2024-12-10 05:55:50,0 days 00:24:07.091097
2024-12-10,JONEAD,2024-12-10 05:49:58.193662,2024-12-10 05:55:52,0 days 00:05:53.806338
2024-12-10,KANWSO,2024-12-10 05:16:36.958295,2024-12-10 05:55:54,0 days 00:39:17.041705
2024-12-10,JAVEAH,2024-12-10 04:09:10.022499,2024-12-10 05:55:58,0 days 01:46:47.977501
2024-12-10,POPADE,2024-12-10 05:50:33.038443,2024-12-10 05:56:04,0 days 00:05:30.961557
2024-12-10,EJITIG,2024-12-10 05:52:33.447920,2024-12-10 05:56:09,0 days 00:03:35.552080
2024-12-10,RAJAME,2024-12-10 05:24:47.548955,2024-12-10 05:56:15,0 days 00:31:27.451045
2024-12-10,GLODPR,2024-12-10 05:48:01.645223,2024-12-10 05:56:17,0 days 00:08:15.354777
2024-12-10,FLORAL,2024-12-10 13:49:19.023971,2024-12-10 13:50:45,0 days 00:01:25.976029
2024-12-10,KALPMI,2024-12-10 13:48:36.781960,2024-12-10 13:50:48,0 days 00:02:11.218040
2024-12-10,ATIQMU,2024-12-10 13:48:31.989029,2024-12-10 13:51:01,0 days 00:02:29.010971
2024-12-10,KHANRA,2024-12-10 12:44:27.442962,2024-12-10 13:51:01,0 days 01:06:33.557038
2024-12-10,RIASTA,2024-12-10 13:50:50.562649,2024-12-10 13:51:01,0 days 00:00:10.437351
2024-12-10,AAMIKH,2024-12-10 13:18:46.808624,2024-12-10 13:51:02,0 days 00:32:15.191376
2024-12-10,DINISL,2024-12-10 13:50:22.785870,2024-12-10 13:51:09,0 days 00:00:46.214130
2024-12-10,ABDUBA,2024-12-10 13:38:11.266739,2024-12-10 13:51:12,0 days 00:13:00.733261
2024-12-10,GEERGH,2024-12-10 05:48:56.214656,2024-12-10 05:56:21,0 days 00:07:24.785344
2024-12-10,SHUKRA,2024-12-10 05:50:01.062496,2024-12-10 05:56:24,0 days 00:06:22.937504
2024-12-10,NAWAWA,2024-12-10 05:55:40.218030,2024-12-10 05:56:35,0 days 00:00:54.781970
2024-12-10,MUHAQA,2024-12-10 05:49:44.900320,2024-12-10 05:56:42,0 days 00:06:57.099680
2024-12-10,KAURSI,2024-12-10 05:28:13.055454,2024-12-10 05:56:48,0 days 00:28:34.944546
2024-12-10,SIDHSU,2024-12-10 05:56:43.955507,2024-12-10 05:56:55,0 days 00:00:11.044493
2024-12-10,ALLISH,2024-12-10 05:52:36.219435,2024-12-10 05:56:57,0 days 00:04:20.780565
2024-12-10,KHARAI,2024-12-10 13:21:18.185971,2024-12-10 13:51:19,0 days 00:30:00.814029
2024-12-10,QADERO,2024-12-10 13:50:23.302607,2024-12-10 13:51:20,0 days 00:00:56.697393
2024-12-10,RAUDAR,2024-12-10 10:21:06.038693,2024-12-10 13:51:41,0 days 03:30:34.961307
2024-12-10,BUTTAZ,2024-12-10 13:45:06.478784,2024-12-10 13:51:47,0 days 00:06:40.521216
2024-12-10,MAJERA,2024-12-10 12:43:18.558615,2024-12-10 13:51:52,0 days 01:08:33.441385
2024-12-10,KHANTO,2024-12-10 13:50:34.423962,2024-12-10 13:52:00,0 days 00:01:25.576038
2024-12-10,MEHMHA,2024-12-10 09:33:20.083898,2024-12-10 13:52:03,0 days 04:18:42.916102
2024-12-10,ALIRAJ,2024-12-10 05:43:45.563520,2024-12-10 05:56:59,0 days 00:13:13.436480
2024-12-10,KHAJAH,2024-12-10 05:28:38.419151,2024-12-10 05:57:05,0 days 00:28:26.580849
2024-12-10,MOHAHA,2024-12-10 05:52:33.501802,2024-12-10 05:57:17,0 days 00:04:43.498198
2024-12-10,ROJEMA,2024-12-10 05:49:12.764629,2024-12-10 05:57:19,0 days 00:08:06.235371
2024-12-10,SAMANI,2024-12-10 05:54:12.130293,2024-12-10 05:57:35,0 days 00:03:22.869707
2024-12-10,BISMCO,2024-12-10 05:57:28.429590,2024-12-10 05:57:36,0 days 00:00:07.570410
2024-12-10,JABBFA,2024-12-10 05:57:45.683525,2024-12-10 05:57:49,0 days 00:00:03.316475
2024-12-10,ALIMAJ,2024-12-10 05:32:24.627606,2024-12-10 05:57:56,0 days 00:25:31.372394
2024-12-10,FIRTSI,2024-12-10 05:48:51.288030,2024-12-10 05:58:04,0 days 00:09:12.711970
2024-12-10,DARYAB,2024-12-10 10:30:14.603147,2024-12-10 13:52:17,0 days 03:22:02.396853
2024-12-10,IQBAJU,2024-12-10 13:43:27.323294,2024-12-10 13:52:25,0 days 00:08:57.676706
2024-12-10,KIANKH,2024-12-10 08:19:20.394991,2024-12-10 13:52:29,0 days 05:33:08.605009
2024-12-10,SHARHA,2024-12-10 13:51:40.915804,2024-12-10 13:52:30,0 days 00:00:49.084196
2024-12-10,MUHAIJ,2024-12-10 13:45:19.174883,2024-12-10 13:52:40,0 days 00:07:20.825117
2024-12-10,BOMBMI,2024-12-10 13:22:47.730705,2024-12-10 13:52:51,0 days 00:30:03.269295
2024-12-10,RAFITO,2024-12-10 13:48:21.861526,2024-12-10 13:53:02,0 days 00:04:40.138474
2024-12-10,MAHMQA,2024-12-10 12:59:45.847051,2024-12-10 13:53:05,0 days 00:53:19.152949
2024-12-10,HAIDAL,2024-12-10 13:49:48.350701,2024-12-10 13:53:33,0 days 00:03:44.649299
2024-12-10,KHANSU,2024-12-10 13:49:38.253739,2024-12-10 13:53:43,0 days 00:04:04.746261
2024-12-10,MANSUS,2024-12-10 13:35:52.914901,2024-12-10 13:53:44,0 days 00:17:51.085099
2024-12-10,MUHAAB,2024-12-10 13:47:32.698847,2024-12-10 13:54:05,0 days 00:06:32.301153
2024-12-10,PISKJO,2024-12-10 11:58:52.498303,2024-12-10 13:54:10,0 days 01:55:17.501697
2024-12-10,GORSAL,2024-12-10 13:41:36.413644,2024-12-10 13:54:21,0 days 00:12:44.586356
2024-12-10,ZIELKA,2024-12-10 13:48:49.809477,2024-12-10 13:54:24,0 days 00:05:34.190523
2024-12-10,ZEEMUH,2024-12-10 13:50:07.305677,2024-12-10 13:54:32,0 days 00:04:24.694323
2024-12-10,NYATMA,2024-12-10 05:33:13.163944,2024-12-10 05:58:14,0 days 00:25:00.836056
2024-12-10,ALOMSH,2024-12-10 05:32:54.782885,2024-12-10 05:58:43,0 days 00:25:48.217115
2024-12-10,ARMAMO,2024-12-10 05:37:20.901932,2024-12-10 05:59:00,0 days 00:21:39.098068
2024-12-10,OLADSU,2024-12-10 05:55:49.170182,2024-12-10 05:59:10,0 days 00:03:20.829818
2024-12-10,GANGAB,2024-12-10 05:57:49.250474,2024-12-10 05:59:44,0 days 00:01:54.749526
2024-12-10,ABBAWA,2024-12-10 05:56:18.014366,2024-12-10 05:59:57,0 days 00:03:38.985634
2024-12-10,WAQAIQ,2024-12-10 05:51:43.257508,2024-12-10 05:59:57,0 days 00:08:13.742492
2024-12-10,KHAASF,2024-12-10 05:55:41.738588,2024-12-10 06:00:20,0 days 00:04:38.261412
2024-12-10,MOHAIQ,2024-12-10 13:49:47.103045,2024-12-10 13:54:37,0 days 00:04:49.896955
2024-12-10,MUHAIK,2024-12-10 13:50:22.195963,2024-12-10 13:54:41,0 days 00:04:18.804037
2024-12-10,RAZMUH,2024-12-10 13:43:15.860758,2024-12-10 13:54:44,0 days 00:11:28.139242
2024-12-10,BILLMA,2024-12-10 17:52:02.436943,2024-12-10 17:54:30,0 days 00:02:27.563057
2024-12-10,RAFITO,2024-12-10 17:48:15.157989,2024-12-10 17:54:31,0 days 00:06:15.842011
2024-12-10,ZAICOJ,2024-12-10 05:03:54.805859,2024-12-10 06:00:50,0 days 00:56:55.194141
2024-12-10,COLENA,2024-12-10 06:00:50.443110,2024-12-10 06:01:17,0 days 00:00:26.556890
2024-12-10,MCTAJA,2024-12-10 05:21:04.419828,2024-12-10 06:10:03,0 days 00:48:58.580172
2024-12-10,HAMMAL,2024-12-10 20:24:57.932033,2024-12-10 20:25:11,0 days 00:00:13.067967
2024-12-10,KHANTO,2024-12-10 13:50:34.423962,2024-12-10 17:55:11,0 days 04:04:36.576038
2024-12-10,LOVELO,2024-12-10 13:49:09.856390,2024-12-10 17:55:14,0 days 04:06:04.143610
2024-12-10,LAMBJA,2024-12-10 17:56:47.737546,2024-12-10 17:57:07,0 days 00:00:19.262454
2024-12-10,RAZMUH,2024-12-10 17:48:24.822017,2024-12-10 17:58:14,0 days 00:09:49.177983
2024-12-10,JASING,2024-12-10 17:54:14.646757,2024-12-10 17:59:00,0 days 00:04:45.353243
2024-12-10,UMARHA,2024-12-10 17:57:41.987366,2024-12-10 18:00:18,0 days 00:02:36.012634
2024-12-10,HOPKST,2024-12-10 04:04:33.276477,2024-12-10 04:07:02,0 days 00:02:28.723523
